{
    "mtx": [
        [
            635.0368384815011,
            0.0,
            318.3044244401037
        ],
        [
            0.0,
            636.1830630059047,
            224.60812659381708
        ],
        [
            0.0,
            0.0,
            1.0
        ]
    ],
    "dist": [
        [
            0.006487162988845139,
            -0.059781624533059755,
            -0.005081927971440925,
            -0.0001185259932117189,
            -0.06048026642590808
        ]
    ],
    "rvecs": [
        [
            [
                -0.9172525059611452
            ],
            [
                0.3417235791697555
            ],
            [
                0.10998910513840615
            ]
        ],
        [
            [
                -0.009553283917346991
            ],
            [
                0.13434253183278053
            ],
            [
                0.06961127884013944
            ]
        ],
        [
            [
                0.08961507531504398
            ],
            [
                0.3609100361248461
            ],
            [
                0.21888087528118713
            ]
        ],
        [
            [
                0.1058478870826734
            ],
            [
                0.3228194120734373
            ],
            [
                0.21764871837052627
            ]
        ],
        [
            [
                0.2059414110408251
            ],
            [
                0.2598716645530256
            ],
            [
                0.3370283760963509
            ]
        ],
        [
            [
                -0.03295543605429256
            ],
            [
                0.13461271456133148
            ],
            [
                1.6584552064109117
            ]
        ],
        [
            [
                0.02066477350698658
            ],
            [
                0.11746186039176362
            ],
            [
                1.594175515680579
            ]
        ],
        [
            [
                -0.28122522625490626
            ],
            [
                0.3579672433136268
            ],
            [
                1.603738578614015
            ]
        ],
        [
            [
                -0.04101879754376419
            ],
            [
                -0.45260972999059085
            ],
            [
                1.5918968418719783
            ]
        ],
        [
            [
                -0.13272328696104557
            ],
            [
                -0.06185806924748
            ],
            [
                1.5573254056959822
            ]
        ],
        [
            [
                -0.00935267590098564
            ],
            [
                -0.6886242592366077
            ],
            [
                1.5994500211618148
            ]
        ],
        [
            [
                -0.0037572918611502126
            ],
            [
                -0.6847927186669631
            ],
            [
                1.6053704627533012
            ]
        ],
        [
            [
                0.005075489336635345
            ],
            [
                -0.6895671003984153
            ],
            [
                1.6107985646649157
            ]
        ],
        [
            [
                -0.264269435349178
            ],
            [
                -0.177554588239176
            ],
            [
                1.4243065198357079
            ]
        ],
        [
            [
                0.1317992308296016
            ],
            [
                -0.07504219504742048
            ],
            [
                1.6069591436775195
            ]
        ]
    ],
    "tvecs": [
        [
            [
                -1.937865097182898
            ],
            [
                2.4816750009185573
            ],
            [
                25.826638125876972
            ]
        ],
        [
            [
                -3.6996397869268245
            ],
            [
                0.30831657058751916
            ],
            [
                25.600767764795357
            ]
        ],
        [
            [
                -7.801206479238082
            ],
            [
                -5.351390138980264
            ],
            [
                23.689723498871384
            ]
        ],
        [
            [
                -7.925412483031523
            ],
            [
                -5.261659641828792
            ],
            [
                23.294712884898363
            ]
        ],
        [
            [
                -1.739033899545486
            ],
            [
                -2.80868665661092
            ],
            [
                13.401769805892012
            ]
        ],
        [
            [
                4.602411617768317
            ],
            [
                -1.5546766572855313
            ],
            [
                16.98430182490811
            ]
        ],
        [
            [
                -2.38793050946827
            ],
            [
                -2.780281083852526
            ],
            [
                19.831225782810968
            ]
        ],
        [
            [
                0.8865981156897946
            ],
            [
                0.19531372736752933
            ],
            [
                30.819728307541784
            ]
        ],
        [
            [
                12.438960200285555
            ],
            [
                -8.194751928429437
            ],
            [
                30.680091422126274
            ]
        ],
        [
            [
                -5.633732829776607
            ],
            [
                -7.433591696960161
            ],
            [
                26.487956652690528
            ]
        ],
        [
            [
                8.011293223918095
            ],
            [
                0.6211018990374756
            ],
            [
                22.759724120634793
            ]
        ],
        [
            [
                8.0225650362516
            ],
            [
                0.631402200427213
            ],
            [
                22.776921973173824
            ]
        ],
        [
            [
                8.021591985260086
            ],
            [
                0.7036386849238445
            ],
            [
                22.72827801308428
            ]
        ],
        [
            [
                -1.932862866647808
            ],
            [
                -4.734766397797009
            ],
            [
                27.890909584467583
            ]
        ],
        [
            [
                1.6050071368418457
            ],
            [
                -2.1743299092564436
            ],
            [
                13.278815814542199
            ]
        ]
    ],
    "new_mtx": [
        [
            623.0187377929688,
            0.0,
            317.6528034153889
        ],
        [
            0.0,
            626.7249145507812,
            221.4452815685072
        ],
        [
            0.0,
            0.0,
            1.0
        ]
    ],
    "roi": [
        5,
        1,
        630,
        473
    ]
}