{
    "mtx": [
        [
            1017.402061177432,
            0.0,
            696.8263058755032
        ],
        [
            0.0,
            1021.0581764872675,
            312.85386240043607
        ],
        [
            0.0,
            0.0,
            1.0
        ]
    ],
    "dist": [
        [
            -0.004611143997169796,
            2.075458645225409,
            -0.020460603272079315,
            0.01438605820518411,
            -10.214408291803226
        ]
    ],
    "rvecs": [
        [
            [
                -0.13230725757226058
            ],
            [
                -0.2589400560015545
            ],
            [
                0.03687866922964518
            ]
        ],
        [
            [
                0.29173471732962447
            ],
            [
                -0.19376296027618783
            ],
            [
                -3.1193720293789102
            ]
        ],
        [
            [
                -0.7605890228217144
            ],
            [
                0.22754902000494248
            ],
            [
                2.894169514704881
            ]
        ],
        [
            [
                0.28360304891730514
            ],
            [
                -0.8255508302668632
            ],
            [
                -2.9778334317714634
            ]
        ],
        [
            [
                -0.3654059160762485
            ],
            [
                -0.37742393770493216
            ],
            [
                2.9995729449100113
            ]
        ],
        [
            [
                -0.29684396045099254
            ],
            [
                -0.0780887252813097
            ],
            [
                3.069937146186367
            ]
        ],
        [
            [
                -0.03531982459421359
            ],
            [
                0.15679372896936664
            ],
            [
                3.0655795068721297
            ]
        ],
        [
            [
                0.3182675268611004
            ],
            [
                0.11037889152643894
            ],
            [
                3.1221626136460783
            ]
        ],
        [
            [
                -0.3510044528427015
            ],
            [
                0.31040021444070254
            ],
            [
                -3.006886717633045
            ]
        ],
        [
            [
                -0.3000959701594677
            ],
            [
                -0.01933812234664208
            ],
            [
                3.1201462613365845
            ]
        ],
        [
            [
                -0.25596278939578315
            ],
            [
                -0.0101144079436006
            ],
            [
                3.115625439081333
            ]
        ],
        [
            [
                -0.2799314275127747
            ],
            [
                0.7277158869593873
            ],
            [
                2.933832837322847
            ]
        ],
        [
            [
                -0.3226894845377348
            ],
            [
                0.6125983832720981
            ],
            [
                2.9518783321951574
            ]
        ],
        [
            [
                -0.37717593649805725
            ],
            [
                0.23228036544294836
            ],
            [
                3.0211063183594518
            ]
        ],
        [
            [
                -0.3542116005111462
            ],
            [
                0.08151095478528755
            ],
            [
                3.0162988157487303
            ]
        ]
    ],
    "tvecs": [
        [
            [
                -2.8339907590608213
            ],
            [
                -6.692663796216781
            ],
            [
                31.90253507299004
            ]
        ],
        [
            [
                4.293044680270787
            ],
            [
                2.3462973006456935
            ],
            [
                17.613416087561266
            ]
        ],
        [
            [
                4.413662000037986
            ],
            [
                2.839960549464655
            ],
            [
                21.554802796650886
            ]
        ],
        [
            [
                3.641683059215225
            ],
            [
                5.284042079820256
            ],
            [
                16.696713071872736
            ]
        ],
        [
            [
                3.6506142864238917
            ],
            [
                4.7509434085303175
            ],
            [
                18.51330343295659
            ]
        ],
        [
            [
                3.8800040726900344
            ],
            [
                3.787743053302464
            ],
            [
                13.039955287910674
            ]
        ],
        [
            [
                8.500039125914425
            ],
            [
                3.577053846720008
            ],
            [
                35.25570235153235
            ]
        ],
        [
            [
                0.5134658563678747
            ],
            [
                5.086186292891103
            ],
            [
                23.990187324099185
            ]
        ],
        [
            [
                4.705479209272452
            ],
            [
                2.3539542609777806
            ],
            [
                15.31639578108818
            ]
        ],
        [
            [
                1.1037773693877544
            ],
            [
                7.56831727823255
            ],
            [
                38.29577373232922
            ]
        ],
        [
            [
                2.192887530437292
            ],
            [
                7.965640992222886
            ],
            [
                38.10038541526062
            ]
        ],
        [
            [
                1.3042553943568607
            ],
            [
                7.4528858739637815
            ],
            [
                29.55679187474537
            ]
        ],
        [
            [
                0.11531809387852794
            ],
            [
                4.394787390242972
            ],
            [
                29.413454066634003
            ]
        ],
        [
            [
                11.012334109035956
            ],
            [
                2.7736489048633604
            ],
            [
                34.38445545461456
            ]
        ],
        [
            [
                16.714625613338644
            ],
            [
                10.679523300451844
            ],
            [
                49.21791394908458
            ]
        ]
    ],
    "new_mtx": [
        [
            882.5734252929688,
            0.0,
            604.4811547319223
        ],
        [
            0.0,
            791.2446899414062,
            247.23899340252137
        ],
        [
            0.0,
            0.0,
            1.0
        ]
    ],
    "roi": [
        0,
        14,
        1110,
        548
    ],
    "h": 720,
    "w": 1280
}