{"mtx": [[475.5419610515636, 0.0, 316.19807576675703], [0.0, 486.4217534736767, 326.97890813490136], [0.0, 0.0, 1.0]], "dist": [[0.00704190895494996, -0.15922546423853745, 0.036393798016283084, 0.005091280472879923, 0.08326105144233736]], "rvecs": [[[-0.13302662159019077], [-0.29551000197277366], [-1.482920734258929]], [[-0.16373828879779886], [-0.14935685987160713], [-1.034118213423933]], [[0.015221061965288244], [0.30946619296548405], [1.561703729752374]], [[0.27911627569792674], [-0.5688262646314242], [-1.3222281149709771]], [[-0.04772025382571432], [0.2686621531549664], [1.5786900687825867]], [[-0.34012605410757574], [0.2814415210809255], [-0.8992603881983786]], [[-0.45402073847758234], [0.2487565341322843], [-0.9430674747074828]], [[-0.44481844044564645], [0.11038701551915037], [-0.8876087915059003]], [[0.1006183634243694], [-0.5873360946054466], [-1.4563412171917975]], [[0.37579103134017], [-0.770116180889889], [-1.3054046417262093]], [[-0.16828936371772252], [0.7087035290405158], [1.429895135043281]], [[-0.47360635927493105], [0.07432239409481474], [-1.423390801901804]], [[-0.22497758976756768], [0.06145718477738764], [-0.8869354958941729]], [[0.35867871434720056], [-0.15884281957503132], [-0.5705060073266746]], [[0.15077040387728533], [0.35963654129026174], [-0.6703143062695992]], [[0.0909136206289844], [0.44048182041157663], [-0.653372910914778]], [[0.18655213618881145], [-0.18759351982213496], [1.4528090319277507]], [[0.35553593672489464], [-0.27074458428874126], [1.6064295678360718]], [[0.19675200574924437], [0.20604851527722307], [-1.4185603267661422]], [[-0.4960478977641798], [0.09736981503451923], [-0.1944081698142573]]], "tvecs": [[[-4.297271958748911], [2.9156650075593773], [21.836155903737147]], [[4.852075016095221], [2.1679827158449596], [25.760903068374727]], [[13.88652296189461], [-15.771390614253951], [26.203337161219693]], [[-12.625399109751449], [-3.572979837098307], [20.845508487429946]], [[3.3925645316450423], [-5.576230722811316], [11.04084578815147]], [[-1.6620197839820887], [-2.568560823940841], [14.26765013065074]], [[-1.1910329094589247], [-2.637256198644913], [13.734634558705766]], [[-1.8717236218077895], [-3.206985908069773], [13.076580255515678]], [[2.0380318578371175], [4.610264323317504], [22.86925625021837]], [[-9.583422545913347], [1.7267198513396351], [19.593905965542493]], [[-0.7324605269264544], [0.9166524988910018], [46.76356304723172]], [[-6.908084930691779], [6.09966034139895], [45.888335193871654]], [[4.2546108241133425], [1.4178821688777064], [32.90394290616069]], [[-8.924958886124907], [-16.432491098538687], [31.30273189992465]], [[10.692968582509545], [-15.471190969799387], [31.069986640942716]], [[10.522834676629937], [-15.666413957455768], [31.671403144937933]], [[-10.614864167268092], [-16.003123839818524], [27.637836660682]], [[-8.904583622365323], [-15.679247728742585], [27.14106303404728]], [[-2.29076787498054], [-3.7228771809431174], [17.70675406549797]], [[-5.837356917048125], [-4.659895127573628], [13.316736728035504]]], "new_mtx": [[409.35791015625, 0.0, 321.8913996005722], [0.0, 417.1820068359375, 351.9149621244287], [0.0, 0.0, 1.0]], "roi": [44, 35, 556, 440], "h": 480, "w": 640}