{
    "mtx": [
        [
            1111.4906881063641,
            0.0,
            640.012863332591
        ],
        [
            0.0,
            1111.4300019198845,
            360.15780071704387
        ],
        [
            0.0,
            0.0,
            1.0
        ]
    ],
    "dist": [
        [
            -0.0011728155019388332,
            0.011208794411851906,
            0.000175559019095557,
            -0.00021996415184731175,
            -0.03103127538788528
        ]
    ],
    "rvecs": [
        [
            [
                -0.3458733438783068
            ],
            [
                0.2200328612549464
            ],
            [
                0.1529717636135874
            ]
        ],
        [
            [
                -0.042982879805163576
            ],
            [
                -0.24991796020453597
            ],
            [
                1.3482139834819977
            ]
        ],
        [
            [
                -0.18426642897115575
            ],
            [
                -0.07626645046151609
            ],
            [
                0.27005422392147466
            ]
        ],
        [
            [
                0.08196050889425795
            ],
            [
                -0.10128717050311664
            ],
            [
                0.16580769332949633
            ]
        ],
        [
            [
                0.04562657021693619
            ],
            [
                0.06806242006859352
            ],
            [
                1.2187499029307778
            ]
        ],
        [
            [
                -0.1629258250225748
            ],
            [
                -0.37092099944704277
            ],
            [
                1.2530474624863532
            ]
        ],
        [
            [
                -0.18149608569455009
            ],
            [
                -0.21542739574861636
            ],
            [
                1.3382107255607623
            ]
        ],
        [
            [
                -0.5563995350510511
            ],
            [
                -0.44776803633338474
            ],
            [
                -3.0053429594485364
            ]
        ],
        [
            [
                0.3212479120493179
            ],
            [
                -0.2519189899249447
            ],
            [
                0.038299265813595135
            ]
        ],
        [
            [
                -0.2734549354111165
            ],
            [
                0.25793692170411675
            ],
            [
                0.21937273653910674
            ]
        ],
        [
            [
                -0.3532315369132994
            ],
            [
                0.05541644144701742
            ],
            [
                0.3461579510034609
            ]
        ],
        [
            [
                0.08815861575570363
            ],
            [
                -0.3755205593871878
            ],
            [
                0.10176944623833142
            ]
        ],
        [
            [
                0.41380507043516945
            ],
            [
                -0.5023213495191082
            ],
            [
                3.049717878959266
            ]
        ],
        [
            [
                0.45458032711967067
            ],
            [
                0.00842513803605116
            ],
            [
                1.4246219216670986
            ]
        ],
        [
            [
                0.021800838889210795
            ],
            [
                -0.2031543775152906
            ],
            [
                0.11493596807873524
            ]
        ],
        [
            [
                -0.23218218429969625
            ],
            [
                -0.0369373838037209
            ],
            [
                0.26158239193058747
            ]
        ],
        [
            [
                -0.320645644082634
            ],
            [
                -0.210453074955121
            ],
            [
                0.1659708524813631
            ]
        ],
        [
            [
                -0.01118823431035406
            ],
            [
                -0.07462939075126701
            ],
            [
                1.4166469247495974
            ]
        ],
        [
            [
                -0.17999127972261528
            ],
            [
                -0.29232766243772496
            ],
            [
                0.22065591673213517
            ]
        ],
        [
            [
                -0.060441095584747695
            ],
            [
                0.10201471811756702
            ],
            [
                1.3563709636344539
            ]
        ]
    ],