{
    "mtx": [
        [
            533.2275781710754,
            0.0,
            286.00705081233906
        ],
        [
            0.0,
            530.5881049656145,
            245.2038799452781
        ],
        [
            0.0,
            0.0,
            1.0
        ]
    ],
    "dist": [
        [
            0.12192263326324186,
            -0.43351216334320236,
            0.005738176761220354,
            -0.008354670869031746,
            0.3963128170793651
        ]
    ],
    "rvecs": [
        [
            [
                -0.304578645332499
            ],
            [
                0.49413583850632803
            ],
            [
                -0.501539214459764
            ]
        ],
        [
            [
                0.29482898244718014
            ],
            [
                0.6083006242353175
            ],
            [
                -1.416936026444988
            ]
        ],
        [
            [
                -0.23249745386302326
            ],
            [
                0.36086341959147933
            ],
            [
                -1.2853266013734583
            ]
        ],
        [
            [
                1.1160344846611545
            ],
            [
                -0.5451513178299839
            ],
            [
                -1.557662218605052
            ]
        ],
        [
            [
                0.7234464753938125
            ],
            [
                -0.018500719232422427
            ],
            [
                -1.597382384041172
            ]
        ],
        [
            [
                0.8018757302509842
            ],
            [
                -0.0752728167553823
            ],
            [
                -1.6007941876178642
            ]
        ],
        [
            [
                0.07785756689764498
            ],
            [
                0.003348313437985293
            ],
            [
                -1.5700612071641278
            ]
        ],
        [
            [
                0.6922642250399835
            ],
            [
                0.6559161221852547
            ],
            [
                -1.4624591264137181
            ]
        ],
        [
            [
                -0.7224522331367994
            ],
            [
                -0.4688190352807655
            ],
            [
                -1.4610694602847993
            ]
        ],
        [
            [
                -0.6188708809977812
            ],
            [
                -0.48902739755175423
            ],
            [
                -1.4314007512569318
            ]
        ],
        [
            [
                0.8788994887749291
            ],
            [
                -0.11321917104151102
            ],
            [
                -1.638116584242542
            ]
        ],
        [
            [
                0.04627055131730704
            ],
            [
                0.3749454284376326
            ],
            [
                -1.6072108241366776
            ]
        ],
        [
            [
                -0.5138790589298361
            ],
            [
                0.8421013409546736
            ],
            [
                -1.367565278777232
            ]
        ],
        [
            [
                -0.4936643779973831
            ],
            [
                0.8395347140040381
            ],
            [
                -1.3707357270112634
            ]
        ],
        [
            [
                0.7296299443999864
            ],
            [
                -0.14356132633582028
            ],
            [
                -1.6241410434692722
            ]
        ]
    ],
    "tvecs": [
        [
            [
                2.0805375642813138
            ],
            [
                3.715768975529323
            ],
            [
                29.481771514046564
            ]
        ],
        [
            [
                -9.985545377203886
            ],
            [
                5.0904330122723405
            ],
            [
                27.097703191648108
            ]
        ],
        [
            [
                -5.126672530533281
            ],
            [
                -4.2028463591770135
            ],
            [
                27.63337879608005
            ]
        ],
        [
            [
                -13.162987505138345
            ],
            [
                -2.2825183665399345
            ],
            [
                28.906704380078445
            ]
        ],
        [
            [
                7.707584637843093
            ],
            [
                -0.10709299794689936
            ],
            [
                20.448388805574357
            ]
        ],
        [
            [
                7.831653912607795
            ],
            [
                0.10323845331739114
            ],
            [
                19.92461382127434
            ]
        ],
        [
            [
                -2.808227339378241
            ],
            [
                3.2561195787386277
            ],
            [
                14.693811523222509
            ]
        ],
        [
            [
                -3.58596937004441
            ],
            [
                0.6635344049331928
            ],
            [
                16.862862780262528
            ]
        ],
        [
            [
                -0.7004461037739452
            ],
            [
                8.524825776821684
            ],
            [
                24.441334303234992
            ]
        ],
        [
            [
                -2.0618226728983413
            ],
            [
                4.424020099259746
            ],
            [
                16.992660979152266
            ]
        ],
        [
            [
                5.190566371961667
            ],
            [
                3.6540168590925295
            ],
            [
                21.11435225941112
            ]
        ],
        [
            [
                7.658254291103326
            ],
            [
                2.7972695516397263
            ],
            [
                23.330903823910003
            ]
        ],
        [
            [
                -0.01018598429108611
            ],
            [
                -4.336451488113376
            ],
            [
                45.63892624959853
            ]
        ],
        [
            [
                -2.6804409494806642
            ],
            [
                -1.171393927189075
            ],
            [
                35.797934577488356
            ]
        ],
        [
            [
                -5.404655114921726
            ],
            [
                2.0571724010200825
            ],
            [
                16.747998925936667
            ]
        ]
    ],
    "new_mtx": [
        [
            529.4868774414062,
            0.0,
            280.2038335851794
        ],
        [
            0.0,
            525.9030151367188,
            247.50269022035354
        ],
        [
            0.0,
            0.0,
            1.0
        ]
    ],
    "roi": [
        3,
        6,
        632,
        469
    ],
    "h": 480,
    "w": 640
}