{"mtx": [[638.0406121536788, 0.0, 351.04955300753795], [0.0, 642.6809573668346, 238.76184414472317], [0.0, 0.0, 1.0]], "dist": [[0.07631877717993658, -0.5691120080396831, -1.7725047724861708e-05, 0.009703362972498446, 0.8666131506732507]], "rvecs": [[[-0.32520966543667434], [-0.44512614604859746], [0.06537018082508922]], [[-0.23610857569753074], [0.14050664900431065], [0.1506479895901653]], [[-0.12069277456645368], [-0.8469805117896986], [0.020541685918997014]], [[0.6005050511128859], [-0.15780678483346106], [0.12568896387742926]], [[-0.4698169209680638], [-0.31726588539518497], [0.021092472394045658]], [[-0.22965602208245484], [-0.684337993400852], [0.20896505878339677]], [[-0.3073358580648111], [-0.08957131615893962], [0.06858841032922922]], [[-0.1744723637486161], [-0.23716078793112597], [0.006535455119549078]], [[0.449252115283167], [-0.18544957916750296], [0.19709257273420297]], [[0.05244456383381827], [-0.2781249694274888], [-0.06498727011997191]], [[-0.03016314490035257], [-0.4645107560207426], [-0.027453790508561556]], [[-0.15648344230469155], [-1.2438467509596007], [0.1003781520657225]], [[-0.15032792067189288], [-1.202271290789002], [0.12099174108987547]], [[-0.10629880756999444], [-1.1303075096378887], [0.1476539600034217]], [[0.07881310985617973], [-0.8248342770568464], [-0.05210223538140716]]], "tvecs": [[[-12.725931459199604], [0.6866633700985231], [28.750593208365633]], [[2.8166858401841086], [-2.4738422068938153], [25.596879919498896]], [[-2.713659169586538], [-2.904805025291157], [25.785474453770316]], [[-1.30876919697488], [1.6820811412110896], [21.574816830039275]], [[-1.8223614663152898], [-0.2018118415851885], [33.2932296271443]], [[2.159662167483022], [-2.3008838574736856], [43.795675022280065]], [[0.305407604329079], [-3.7973624466538953], [35.29401189965089]], [[-12.179427437050597], [-3.4664107845939696], [33.02150286285456]], [[-8.657841784524337], [-5.761815225314083], [19.339309071060438]], [[-3.990818294526444], [-2.216452383411609], [13.430609021920798]], [[-3.2326105335634088], [-1.407606364321716], [18.850272863725266]], [[-9.456316177234894], [-1.9271075584872928], [19.65238965112581]], [[-9.002171611150413], [-1.8739294264000737], [19.75425927899135]], [[-7.619578753992157], [-1.5451027109569309], [19.06462262232545]], [[-1.3843157799189576], [-2.1495121570801157], [11.252548515264992]]], "new_mtx": [[631.81005859375, 0.0, 355.78059183852747], [0.0, 632.2967529296875, 238.25167819541093], [0.0, 0.0, 1.0]], "roi": [1, 4, 637, 470]}